METHOD,QUERY_TYPE,MEAN_PRECISION_AT_5,SUCCESS_AT_5_RATE,MRR,MEAN_DB_QUERY_TIME_MS
Keyword,Exact Identifier,1.0,1.0,1.0,24.720024986891076
Keyword,Exact Keyword,1.0,1.0,1.0,16.998122232810903
Keyword,Natural Language,0.9555555555555555,1.0,1.0,19.418788886266864
Keyword,Paraphrase,0.6888888888888889,0.7777777777777778,0.6888888888888889,21.70214445019762
Keyword,Synonym,0.9555555555555555,1.0,1.0,21.12332221844958
Semantic,Exact Identifier,1.0,1.0,1.0,11.254425000515766
Semantic,Exact Keyword,1.0,1.0,1.0,13.561433355789632
Semantic,Natural Language,1.0,1.0,1.0,11.287322222617352
Semantic,Paraphrase,0.9555555555555555,1.0,1.0,12.361344441564547
Semantic,Synonym,1.0,1.0,1.0,10.958099983529085
